{"cameraMode":{"drawMode":0,"name":"Shaded","section":"Shading Mode"},"sceneLighting":false,"audioPlay":false,"sceneViewState":{"showFog":true,"showMaterialUpdate":false,"showSkybox":true,"showFlares":true,"showImageEffects":true,"showParticleSystems":true},"in2DMode":false,"pivot":{"x":7.411046028137207,"y":-1.9639930725097657,"z":1.35577392578125},"rotation":{"x":-0.06502543389797211,"y":0.9308130741119385,"z":-0.29592278599739077,"w":-0.20456285774707795},"size":17.727859497070314,"orthographic":false}