{"cameraMode":{"drawMode":0,"name":"Shaded","section":"Shading Mode"},"sceneLighting":false,"audioPlay":false,"sceneViewState":{"showFog":true,"showMaterialUpdate":false,"showSkybox":false,"showFlares":true,"showImageEffects":true,"showParticleSystems":true},"in2DMode":false,"pivot":{"x":0.27342677116394045,"y":0.3366001844406128,"z":-0.18699726462364198},"rotation":{"x":-0.17216533422470094,"y":0.7340700030326843,"z":-0.20223475992679597,"w":-0.6250243782997131},"size":1.2698452472686768,"orthographic":false}