{"cameraMode":{"drawMode":0,"name":"Shaded","section":"Shading Mode"},"sceneLighting":false,"audioPlay":false,"sceneViewState":{"showFog":true,"showMaterialUpdate":false,"showSkybox":true,"showFlares":true,"showImageEffects":true,"showParticleSystems":true},"in2DMode":false,"pivot":{"x":15.179007530212403,"y":-22.746171951293947,"z":-43.31765365600586},"rotation":{"x":-0.08472147583961487,"y":-0.8812863826751709,"z":0.17296649515628816,"w":-0.43158209323883059},"size":32.79092025756836,"orthographic":false}