{"cameraMode":{"drawMode":0,"name":"Shaded","section":"Shading Mode"},"sceneLighting":false,"audioPlay":false,"sceneViewState":{"showFog":true,"showMaterialUpdate":false,"showSkybox":true,"showFlares":true,"showImageEffects":true,"showParticleSystems":true},"in2DMode":false,"pivot":{"x":-9.275343894958496,"y":4.1616668701171879,"z":-14.31801986694336},"rotation":{"x":0.3286878168582916,"y":0.14468802511692048,"z":-0.05074460059404373,"w":0.9320300221443176},"size":30.06651496887207,"orthographic":false}