{"cameraMode":{"drawMode":0,"name":"Shaded","section":"Shading Mode"},"sceneLighting":false,"audioPlay":false,"sceneViewState":{"showFog":true,"showMaterialUpdate":false,"showSkybox":true,"showFlares":true,"showImageEffects":true,"showParticleSystems":true},"in2DMode":false,"pivot":{"x":4.600014686584473,"y":-5.792393684387207,"z":-1.6846332550048829},"rotation":{"x":-0.18181978166103364,"y":-0.7854255437850952,"z":0.2716500163078308,"w":-0.5256220102310181},"size":8.725432395935059,"orthographic":false}