{"cameraMode":{"drawMode":0,"name":"Shaded","section":"Shading Mode"},"sceneLighting":false,"audioPlay":false,"sceneViewState":{"showFog":true,"showMaterialUpdate":false,"showSkybox":true,"showFlares":true,"showImageEffects":true,"showParticleSystems":true},"in2DMode":false,"pivot":{"x":-24.948625564575197,"y":1.5867615938186646,"z":0.17427289485931397},"rotation":{"x":0.4563347399234772,"y":0.5426256060600281,"z":-0.5209280848503113,"w":0.4753424823284149},"size":18.499675750732423,"orthographic":true}