{"cameraMode":{"drawMode":0,"name":"Shaded","section":"Shading Mode"},"sceneLighting":false,"audioPlay":false,"sceneViewState":{"showFog":true,"showMaterialUpdate":false,"showSkybox":true,"showFlares":true,"showImageEffects":true,"showParticleSystems":true},"in2DMode":false,"pivot":{"x":-13.64913558959961,"y":2.9998550415039064,"z":9.728190422058106},"rotation":{"x":-0.1627325415611267,"y":0.02217639796435833,"z":-0.0036678744945675136,"w":-0.9864229559898377},"size":10.086792945861817,"orthographic":false}