{"cameraMode":{"drawMode":0,"name":"Shaded","section":"Shading Mode"},"sceneLighting":false,"audioPlay":false,"sceneViewState":{"showFog":true,"showMaterialUpdate":false,"showSkybox":true,"showFlares":true,"showImageEffects":true,"showParticleSystems":true},"in2DMode":false,"pivot":{"x":-12.66058349609375,"y":67.3046875,"z":-5.815185546875},"rotation":{"x":-0.6767423152923584,"y":0.08759994804859162,"z":-0.08160864561796189,"w":-0.726432740688324},"size":11.370208740234375,"orthographic":true}