{"cameraMode":{"drawMode":0,"name":"Shaded","section":"Shading Mode"},"sceneLighting":false,"audioPlay":false,"sceneViewState":{"showFog":true,"showMaterialUpdate":false,"showSkybox":true,"showFlares":true,"showImageEffects":true,"showParticleSystems":true},"in2DMode":false,"pivot":{"x":11.459073066711426,"y":-2.851557731628418,"z":-3.426412582397461},"rotation":{"x":0.019179536029696466,"y":0.9425019025802612,"z":-0.32916054129600527,"w":0.05489705130457878},"size":13.956202507019043,"orthographic":false}