{"cameraMode":{"drawMode":0,"name":"Shaded","section":"Shading Mode"},"sceneLighting":false,"audioPlay":false,"sceneViewState":{"showFog":true,"showMaterialUpdate":false,"showSkybox":true,"showFlares":true,"showImageEffects":true,"showParticleSystems":true},"in2DMode":false,"pivot":{"x":-12.66058349609375,"y":67.3046875,"z":-5.815185546875},"rotation":{"x":0.6925350427627564,"y":0.002811031648889184,"z":-0.0026999223046004774,"w":0.7213810086250305},"size":127.09630584716797,"orthographic":true}