{"cameraMode":{"drawMode":0,"name":"Shaded","section":"Shading Mode"},"sceneLighting":false,"audioPlay":false,"sceneViewState":{"showFog":true,"showMaterialUpdate":false,"showSkybox":true,"showFlares":true,"showImageEffects":true,"showParticleSystems":true},"in2DMode":false,"pivot":{"x":18.122827529907228,"y":-3.9656600952148439,"z":-3.2644119262695314},"rotation":{"x":-0.3206842839717865,"y":0.05392776429653168,"z":-0.01830192096531391,"w":-0.9454827904701233},"size":50.66248321533203,"orthographic":false}