{"cameraMode":{"drawMode":0,"name":"Shaded","section":"Shading Mode"},"sceneLighting":false,"audioPlay":false,"sceneViewState":{"showFog":true,"showMaterialUpdate":false,"showSkybox":false,"showFlares":true,"showImageEffects":true,"showParticleSystems":true},"in2DMode":false,"pivot":{"x":0.006680727005004883,"y":0.19381922483444215,"z":-0.4300718307495117},"rotation":{"x":-0.07441499829292298,"y":0.9255884885787964,"z":-0.25946956872940066,"w":-0.2654840052127838},"size":4.037440299987793,"orthographic":false}