{"cameraMode":{"drawMode":0,"name":"Shaded","section":"Shading Mode"},"sceneLighting":false,"audioPlay":false,"sceneViewState":{"showFog":true,"showMaterialUpdate":false,"showSkybox":true,"showFlares":true,"showImageEffects":true,"showParticleSystems":true},"in2DMode":false,"pivot":{"x":-8.3795166015625,"y":4.7587890625,"z":-3.9666748046875},"rotation":{"x":-0.4450759291648865,"y":0.12905384600162507,"z":-0.06477568298578263,"w":-0.8837883472442627},"size":14.61286449432373,"orthographic":true}