{"cameraMode":{"drawMode":0,"name":"Shaded","section":"Shading Mode"},"sceneLighting":false,"audioPlay":false,"sceneViewState":{"showFog":true,"showMaterialUpdate":false,"showSkybox":true,"showFlares":true,"showImageEffects":true,"showParticleSystems":true},"in2DMode":false,"pivot":{"x":81.1824951171875,"y":5.09942626953125,"z":-49.53597640991211},"rotation":{"x":-0.5935946702957153,"y":-0.06333909928798676,"z":0.0469190813601017,"w":-0.8009140491485596},"size":81.11229705810547,"orthographic":false}